192.168.43.63,500,527,2020-05-04T06:12:22.000Z
192.168.43.63,404,209,2020-05-04T06:12:22.000Z
192.168.43.63,500,527,2020-05-04T06:13:10.000Z
192.168.43.63,500,527,2020-05-04T06:13:52.000Z
192.168.43.63,200,6,2020-05-04T06:13:56.000Z
192.168.43.63,500,527,2020-05-04T06:14:06.000Z
192.168.43.63,408,,2020-05-04T06:14:58.000Z
192.168.43.63,500,527,2020-05-04T06:15:29.000Z
192.168.43.63,500,527,2020-05-04T06:15:30.000Z
192.168.43.63,408,,2020-05-04T06:16:21.000Z
192.168.43.63,500,528,2020-05-04T06:16:22.000Z
192.168.43.63,408,,2020-05-04T06:17:14.000Z
192.168.43.63,500,528,2020-05-04T06:18:14.000Z
192.168.43.63,500,528,2020-05-04T06:18:17.000Z
192.168.43.63,500,528,2020-05-04T06:18:18.000Z
192.168.43.63,500,527,2020-05-04T06:18:41.000Z
192.168.43.63,200,,2020-05-04T06:23:05.000Z
192.168.43.63,500,527,2020-05-04T06:23:43.000Z
192.168.43.63,500,527,2020-05-04T06:23:45.000Z
192.168.43.63,200,,2020-05-04T06:23:59.000Z
192.168.43.63,200,4,2020-05-04T06:24:23.000Z
192.168.43.63,408,,2020-05-04T06:25:51.000Z
192.168.43.63,200,4,2020-05-04T06:38:28.000Z
192.168.43.63,200,4,2020-05-04T06:38:29.000Z
192.168.43.63,200,4,2020-05-04T06:38:30.000Z
192.168.43.63,200,4,2020-05-04T06:38:30.000Z
192.168.43.63,200,4,2020-05-04T06:38:30.000Z
192.168.43.63,200,4,2020-05-04T06:38:30.000Z
192.168.43.63,200,4,2020-05-04T06:38:32.000Z
192.168.43.63,200,4,2020-05-04T06:38:37.000Z
192.168.43.63,200,4,2020-05-04T06:38:38.000Z
192.168.43.63,200,4,2020-05-04T06:38:38.000Z
192.168.43.63,200,4,2020-05-04T06:38:38.000Z
192.168.43.63,200,4,2020-05-04T06:38:39.000Z
192.168.43.63,200,4,2020-05-04T06:38:39.000Z
192.168.43.63,200,4,2020-05-04T06:38:39.000Z
192.168.43.63,200,4,2020-05-04T06:38:39.000Z
192.168.43.63,200,4,2020-05-04T06:38:40.000Z
192.168.43.63,200,4,2020-05-04T06:38:40.000Z
192.168.43.63,200,4,2020-05-04T06:38:40.000Z
192.168.43.63,200,4,2020-05-04T06:38:40.000Z
192.168.43.63,200,4,2020-05-04T06:38:41.000Z
192.168.43.63,200,4,2020-05-04T06:38:41.000Z
192.168.43.63,200,4,2020-05-04T06:38:41.000Z
192.168.43.63,200,4,2020-05-04T06:38:41.000Z
192.168.43.63,200,4,2020-05-04T06:38:41.000Z
192.168.43.63,200,4,2020-05-04T06:38:41.000Z
192.168.43.63,200,4,2020-05-04T06:38:42.000Z
192.168.43.63,200,4,2020-05-04T06:38:42.000Z
192.168.43.63,200,4,2020-05-04T06:38:42.000Z
192.168.43.63,200,4,2020-05-04T06:38:42.000Z
192.168.43.63,200,4,2020-05-04T06:38:43.000Z
192.168.43.63,200,4,2020-05-04T06:38:43.000Z
192.168.43.63,200,4,2020-05-04T06:38:43.000Z
192.168.43.63,200,4,2020-05-04T06:38:43.000Z
192.168.43.63,200,4,2020-05-04T06:38:44.000Z
192.168.43.63,200,4,2020-05-04T06:38:44.000Z
192.168.43.63,200,4,2020-05-04T06:38:44.000Z
192.168.43.63,200,4,2020-05-04T06:38:44.000Z
192.168.43.63,200,4,2020-05-04T06:38:44.000Z
192.168.43.63,200,4,2020-05-04T06:38:44.000Z
192.168.43.63,200,4,2020-05-04T06:38:45.000Z
192.168.43.63,200,4,2020-05-04T06:38:45.000Z
192.168.43.63,200,4,2020-05-04T06:38:45.000Z
192.168.43.63,200,4,2020-05-04T06:38:46.000Z
192.168.43.63,200,4,2020-05-04T06:38:46.000Z
192.168.43.63,200,4,2020-05-04T06:38:46.000Z
192.168.43.63,200,4,2020-05-04T06:38:47.000Z
192.168.43.63,200,4,2020-05-04T06:38:47.000Z
192.168.43.63,200,4,2020-05-04T06:38:47.000Z
192.168.43.63,200,4,2020-05-04T06:38:47.000Z
192.168.43.63,200,4,2020-05-04T06:49:23.000Z
192.168.43.63,200,4,2020-05-04T06:49:25.000Z
192.168.43.92,200,6,2020-05-04T06:50:48.000Z
192.168.43.92,404,212,2020-05-04T07:00:56.000Z
192.168.43.63,500,527,2020-05-05T07:38:03.000Z
192.168.43.63,404,209,2020-05-05T07:38:07.000Z
192.168.43.63,500,527,2020-05-05T07:38:35.000Z
192.168.43.63,408,,2020-05-05T07:39:27.000Z
192.168.43.63,500,527,2020-05-05T07:39:33.000Z
192.168.43.63,500,527,2020-05-05T07:39:44.000Z
192.168.43.63,408,,2020-05-05T07:40:36.000Z
192.168.43.63,500,527,2020-05-05T07:41:20.000Z
192.168.43.63,500,527,2020-05-05T07:41:25.000Z
192.168.43.63,408,,2020-05-05T07:42:17.000Z
192.168.43.63,408,,2020-05-05T07:43:11.000Z
172.17.0.2,200,1134,2020-06-07T05:02:28.000Z
172.17.0.2,200,1184,2020-06-07T05:02:37.000Z
172.17.0.2,200,1184,2020-06-07T05:02:43.000Z
172.17.0.2,200,1192,2020-06-07T05:02:58.000Z
172.17.0.2,200,1186,2020-06-07T05:03:13.000Z
172.17.0.2,200,1189,2020-06-07T05:03:28.000Z
172.17.0.2,200,1193,2020-06-07T05:03:43.000Z
172.17.0.2,200,1187,2020-06-07T05:03:58.000Z
172.17.0.2,200,1187,2020-06-07T05:04:13.000Z
172.17.0.2,200,1193,2020-06-07T05:04:28.000Z
172.17.0.2,200,1190,2020-06-07T05:04:43.000Z
172.17.0.2,200,1195,2020-06-07T05:04:58.000Z
172.17.0.2,200,1193,2020-06-07T05:05:13.000Z
172.17.0.2,200,1195,2020-06-07T05:05:28.000Z
172.17.0.2,200,1194,2020-06-07T05:05:43.000Z
172.17.0.2,200,1194,2020-06-07T05:05:58.000Z
172.17.0.2,200,1190,2020-06-07T05:06:13.000Z
172.17.0.2,200,1195,2020-06-07T05:06:28.000Z
172.17.0.2,200,1195,2020-06-07T05:06:43.000Z
172.17.0.2,200,1195,2020-06-07T05:06:58.000Z
172.17.0.2,200,1190,2020-06-07T05:07:13.000Z
172.17.0.2,200,1193,2020-06-07T05:07:28.000Z
172.17.0.2,200,1193,2020-06-07T05:07:43.000Z
172.17.0.2,200,1196,2020-06-07T05:07:58.000Z
172.17.0.2,200,1196,2020-06-07T05:08:13.000Z
172.17.0.2,200,1194,2020-06-07T05:08:28.000Z
172.17.0.2,200,1197,2020-06-07T05:08:43.000Z
172.17.0.2,200,1197,2020-06-07T05:08:58.000Z
172.17.0.2,200,1197,2020-06-07T05:09:13.000Z
172.17.0.2,200,1196,2020-06-07T05:09:28.000Z
172.17.0.2,200,1197,2020-06-07T05:09:43.000Z
172.17.0.2,200,1197,2020-06-07T05:09:58.000Z
172.17.0.2,200,1189,2020-06-07T05:10:13.000Z
172.17.0.2,200,1197,2020-06-07T05:10:28.000Z
172.17.0.2,200,1197,2020-06-07T05:10:43.000Z
172.17.0.2,200,1197,2020-06-07T05:10:58.000Z
172.17.0.2,200,1197,2020-06-07T05:11:13.000Z
172.17.0.2,200,1197,2020-06-07T05:11:28.000Z
172.17.0.2,200,1196,2020-06-07T05:11:43.000Z
172.17.0.2,200,1196,2020-06-07T05:11:58.000Z
172.17.0.2,200,1192,2020-06-07T05:12:13.000Z
172.17.0.2,200,1197,2020-06-07T05:12:28.000Z
172.17.0.2,200,1197,2020-06-07T05:12:43.000Z
172.17.0.2,200,1197,2020-06-07T05:12:58.000Z
172.17.0.2,200,1195,2020-06-07T05:13:13.000Z
172.17.0.2,200,1195,2020-06-07T05:13:28.000Z
172.17.0.2,200,1195,2020-06-07T05:13:43.000Z
172.17.0.2,200,1195,2020-06-07T05:13:58.000Z
172.17.0.2,200,1194,2020-06-07T05:14:13.000Z
172.17.0.2,200,1197,2020-06-07T05:14:28.000Z
172.17.0.2,200,1194,2020-06-07T05:14:43.000Z
172.17.0.2,200,1197,2020-06-07T05:14:58.000Z
172.17.0.2,200,1197,2020-06-07T05:15:13.000Z
172.17.0.2,200,1198,2020-06-07T05:15:28.000Z
172.17.0.2,200,1198,2020-06-07T05:15:43.000Z
172.17.0.2,200,1198,2020-06-07T05:15:58.000Z
172.17.0.2,200,1198,2020-06-07T05:16:13.000Z
172.17.0.2,200,1198,2020-06-07T05:16:28.000Z
172.17.0.2,200,1198,2020-06-07T05:16:43.000Z
172.17.0.2,200,1198,2020-06-07T05:16:58.000Z
172.17.0.2,200,1198,2020-06-07T05:17:13.000Z
172.17.0.2,200,1197,2020-06-07T05:17:28.000Z
172.17.0.2,200,1197,2020-06-07T05:17:43.000Z
172.17.0.2,200,1197,2020-06-07T05:17:58.000Z
172.17.0.2,200,1190,2020-06-07T05:18:13.000Z
172.17.0.2,200,1198,2020-06-07T05:18:28.000Z
172.17.0.2,200,1197,2020-06-07T05:18:43.000Z
172.17.0.2,200,1198,2020-06-07T05:18:58.000Z
172.17.0.2,200,1198,2020-06-07T05:19:13.000Z
172.17.0.2,200,1198,2020-06-07T05:19:28.000Z
172.17.0.2,200,1198,2020-06-07T05:19:43.000Z
172.17.0.2,200,1198,2020-06-07T05:19:58.000Z
172.17.0.2,200,1197,2020-06-07T05:20:13.000Z
172.17.0.2,200,1199,2020-06-07T05:20:28.000Z
172.17.0.2,200,1198,2020-06-07T05:20:43.000Z
172.17.0.2,200,1199,2020-06-07T05:20:58.000Z
172.17.0.2,200,1199,2020-06-07T05:21:13.000Z
172.17.0.2,200,1199,2020-06-07T05:21:28.000Z
172.17.0.2,200,1198,2020-06-07T05:21:43.000Z
172.17.0.2,200,1198,2020-06-07T05:21:58.000Z
172.17.0.2,200,1192,2020-06-07T05:22:13.000Z
172.17.0.2,200,1198,2020-06-07T05:22:28.000Z
172.17.0.2,200,1199,2020-06-07T05:22:43.000Z
172.17.0.2,200,1198,2020-06-07T05:22:58.000Z
172.17.0.2,200,1198,2020-06-07T05:23:13.000Z
172.17.0.2,200,1200,2020-06-07T05:23:28.000Z
172.17.0.2,200,1199,2020-06-07T05:23:43.000Z
172.17.0.2,200,1197,2020-06-07T05:23:58.000Z
172.17.0.2,200,1198,2020-06-07T05:24:13.000Z
172.17.0.2,200,1198,2020-06-07T05:24:28.000Z
172.17.0.2,200,1199,2020-06-07T05:24:43.000Z
172.17.0.2,200,1200,2020-06-07T05:24:58.000Z
172.17.0.2,200,1200,2020-06-07T05:25:13.000Z
172.17.0.2,200,1199,2020-06-07T05:25:28.000Z
172.17.0.2,200,1198,2020-06-07T05:25:43.000Z
172.17.0.2,200,1200,2020-06-07T05:25:58.000Z
172.17.0.2,200,1198,2020-06-07T05:26:13.000Z
172.17.0.2,200,1200,2020-06-07T05:26:28.000Z
172.17.0.2,200,1199,2020-06-07T05:26:43.000Z
172.17.0.2,200,1200,2020-06-07T05:26:58.000Z
172.17.0.2,200,1198,2020-06-07T05:27:13.000Z
172.17.0.2,200,1201,2020-06-07T05:27:28.000Z
172.17.0.2,200,1199,2020-06-07T05:27:43.000Z
172.17.0.2,200,1199,2020-06-07T05:27:58.000Z
172.17.0.2,200,1201,2020-06-07T05:28:13.000Z
172.17.0.2,200,1200,2020-06-07T05:28:28.000Z
172.17.0.2,200,1199,2020-06-07T05:28:43.000Z
172.17.0.2,200,1200,2020-06-07T05:28:58.000Z
172.17.0.2,200,1201,2020-06-07T05:29:13.000Z
172.17.0.2,200,1201,2020-06-07T05:29:28.000Z
172.17.0.2,200,1200,2020-06-07T05:29:43.000Z
172.17.0.2,200,1200,2020-06-07T05:29:58.000Z
172.17.0.2,200,1201,2020-06-07T05:30:13.000Z
172.17.0.2,200,1199,2020-06-07T05:30:28.000Z
172.17.0.2,200,1201,2020-06-07T05:30:43.000Z
172.17.0.2,200,1200,2020-06-07T05:30:58.000Z
172.17.0.2,200,1200,2020-06-07T05:31:13.000Z
172.17.0.2,200,1201,2020-06-07T05:31:28.000Z
172.17.0.2,200,1201,2020-06-07T05:31:43.000Z
172.17.0.2,200,1199,2020-06-07T05:31:58.000Z
172.17.0.2,200,1199,2020-06-07T05:32:13.000Z
172.17.0.2,200,1200,2020-06-07T05:32:28.000Z
172.17.0.2,200,1201,2020-06-07T05:32:43.000Z
172.17.0.2,200,1201,2020-06-07T05:32:58.000Z
172.17.0.2,200,1201,2020-06-07T05:33:13.000Z
172.17.0.2,200,1199,2020-06-07T05:33:28.000Z
172.17.0.2,200,1201,2020-06-07T05:33:43.000Z
172.17.0.2,200,1199,2020-06-07T05:33:58.000Z
172.17.0.2,200,1197,2020-06-07T05:34:13.000Z
172.17.0.2,200,1199,2020-06-07T05:34:28.000Z
172.17.0.2,200,1200,2020-06-07T05:34:43.000Z
172.17.0.2,200,1201,2020-06-07T05:34:58.000Z
172.17.0.2,200,1200,2020-06-07T05:35:13.000Z
172.17.0.2,200,1201,2020-06-07T05:35:28.000Z
172.17.0.2,200,1200,2020-06-07T05:35:43.000Z
172.17.0.2,200,1201,2020-06-07T05:35:58.000Z
172.17.0.2,200,1201,2020-06-07T05:36:13.000Z
172.17.0.2,200,1201,2020-06-07T05:36:28.000Z
172.17.0.2,200,1201,2020-06-07T05:36:43.000Z
172.17.0.2,200,1201,2020-06-07T05:36:58.000Z
172.17.0.2,200,1201,2020-06-07T05:37:13.000Z
172.17.0.2,200,1201,2020-06-07T05:37:28.000Z
172.17.0.2,200,1201,2020-06-07T05:37:43.000Z
172.17.0.2,200,1201,2020-06-07T05:37:58.000Z
172.17.0.2,200,1201,2020-06-07T05:38:13.000Z
172.17.0.2,200,1200,2020-06-07T05:38:28.000Z
172.17.0.2,200,1201,2020-06-07T05:38:43.000Z
172.17.0.2,200,1201,2020-06-07T05:38:58.000Z
172.17.0.2,200,1201,2020-06-07T05:39:13.000Z
172.17.0.2,200,1199,2020-06-07T05:39:28.000Z
172.17.0.2,200,1202,2020-06-07T05:39:43.000Z
172.17.0.2,200,1202,2020-06-07T05:39:58.000Z
172.17.0.2,200,1202,2020-06-07T05:40:13.000Z
172.17.0.2,200,1201,2020-06-07T05:40:28.000Z
172.17.0.2,200,1201,2020-06-07T05:40:43.000Z
172.17.0.2,200,1199,2020-06-07T05:40:58.000Z
172.17.0.2,200,1202,2020-06-07T05:41:13.000Z
172.17.0.2,200,1202,2020-06-07T05:41:28.000Z
172.17.0.2,200,1202,2020-06-07T05:41:43.000Z
172.17.0.2,200,1202,2020-06-07T05:41:58.000Z
172.17.0.2,200,1194,2020-06-07T05:42:13.000Z
172.17.0.2,200,1195,2020-06-07T05:42:28.000Z
172.17.0.2,200,1196,2020-06-07T05:42:43.000Z
172.17.0.2,200,1194,2020-06-07T05:42:58.000Z
172.17.0.2,200,1201,2020-06-07T05:43:13.000Z
172.17.0.2,200,1202,2020-06-07T05:43:28.000Z
172.17.0.2,200,1202,2020-06-07T05:43:43.000Z
172.17.0.2,200,1202,2020-06-07T05:43:58.000Z
172.17.0.2,200,1202,2020-06-07T05:44:13.000Z
172.17.0.2,200,1201,2020-06-07T05:44:28.000Z
172.17.0.2,200,1202,2020-06-07T05:44:43.000Z
172.17.0.2,200,1200,2020-06-07T05:44:58.000Z
172.17.0.2,200,1199,2020-06-07T05:45:13.000Z
127.0.0.1,404,205,2020-06-19T09:21:03.000Z
192.168.99.101,404,206,2020-06-19T09:21:43.000Z
192.168.99.101,404,206,2020-06-19T09:26:13.000Z
192.168.99.101,404,206,2020-06-19T09:26:23.000Z
192.168.99.101,404,206,2020-06-19T09:26:31.000Z
127.0.0.1,404,205,2020-06-19T09:31:49.000Z
127.0.0.1,404,205,2020-06-19T09:37:15.000Z
127.0.0.1,404,205,2020-06-19T09:37:36.000Z
127.0.0.1,404,205,2020-06-19T09:37:42.000Z
192.168.99.101,404,204,2020-06-19T09:37:58.000Z
192.168.99.101,404,204,2020-06-19T09:40:13.000Z
192.168.99.101,404,204,2020-06-19T09:40:14.000Z
192.168.99.101,404,204,2020-06-19T09:40:15.000Z
192.168.99.101,404,204,2020-06-19T09:40:15.000Z
192.168.99.101,404,204,2020-06-19T09:40:16.000Z
192.168.99.101,404,204,2020-06-19T09:40:16.000Z
192.168.99.101,404,204,2020-06-19T09:40:17.000Z
192.168.99.101,404,204,2020-06-19T09:43:27.000Z
192.168.99.101,404,204,2020-06-19T09:43:28.000Z
192.168.99.101,404,204,2020-06-19T09:43:28.000Z
192.168.99.101,404,204,2020-06-19T09:43:29.000Z
192.168.99.101,404,204,2020-06-19T09:43:29.000Z
192.168.99.101,404,204,2020-06-19T09:43:29.000Z
192.168.99.101,200,6,2020-06-19T09:48:09.000Z
::1,200,6,2020-07-01T08:47:46.000Z
::1,200,6,2020-07-01T08:47:49.000Z
::1,200,6,2020-07-02T04:52:58.000Z
